{"cameraMode":{"drawMode":0,"name":"Shaded","section":"Shading Mode"},"sceneLighting":true,"audioPlay":false,"sceneViewState":{"m_AlwaysRefresh":false,"showFog":true,"showSkybox":true,"showFlares":true,"showImageEffects":true,"showParticleSystems":true,"showVisualEffectGraphs":true,"m_FxEnabled":false},"in2DMode":false,"pivot":{"x":-2.086338520050049,"y":5.314249038696289,"z":0.7630777359008789},"rotation":{"x":0.039067260921001437,"y":0.8938874006271362,"z":-0.07926442474126816,"w":0.4391171336174011},"size":11.234204292297364,"orthographic":true}