{"cameraMode":{"drawMode":0,"name":"Shaded","section":"Shading Mode"},"sceneLighting":false,"audioPlay":false,"sceneViewState":{"m_AlwaysRefresh":false,"showFog":true,"showSkybox":false,"showFlares":true,"showImageEffects":true,"showParticleSystems":true,"showVisualEffectGraphs":true,"m_FxEnabled":true},"in2DMode":false,"pivot":{"x":2.115961790084839,"y":0.9809706211090088,"z":0.43963584303855898},"rotation":{"x":0.048080235719680789,"y":0.6831367611885071,"z":-0.045135658234357837,"w":0.7271835803985596},"size":1.3660752773284913,"orthographic":true}